{"0.5": 92.0, "0.2": 2.0, "0.4": 57.0, "0.8": 231.20000000000027, "0.3": 23.0, "0.99": 549.8800000000001, "0.6": 132.0, "0.1": 0.0, "0.9": 308.0, "0.95": 370.7999999999997, "0.7": 171.0}