{"0.5": 129.0, "0.2": 4.0, "0.4": 75.0, "0.8": 471.40000000000055, "0.3": 30.0, "0.99": 1516.96, "0.6": 210.39999999999986, "0.1": 0.0, "0.9": 800.0, "0.95": 1053.199999999999, "0.7": 311.0}