{"0.5": 66.0, "0.2": 3.0, "0.4": 41.0, "0.8": 229.0, "0.3": 19.0, "0.99": 661.8000000000002, "0.6": 104.0, "0.1": 0.0, "0.9": 348.5999999999999, "0.95": 458.0, "0.7": 152.79999999999995}